{"cameraMode":{"drawMode":0,"name":"Shaded","section":"Shading Mode"},"sceneLighting":false,"audioPlay":false,"sceneViewState":{"showFog":true,"showMaterialUpdate":true,"showSkybox":true,"showFlares":true,"showImageEffects":true,"showParticleSystems":true},"in2DMode":false,"pivot":{"x":-1.4090752601623536,"y":-3.2273101806640627,"z":-0.7494716644287109},"rotation":{"x":-0.3521078824996948,"y":0.12635818123817445,"z":-0.048039510846138,"w":-0.9261457920074463},"size":17.078649520874025,"orthographic":false}